{
  "gpt-4": {
    "input": 0.0345,
    "output": 0.069
  },
  "gpt-4-turbo": {
    "input": 0.0115,
    "output": 0.0345
  },
  "gpt-3.5-turbo": {
    "input": 0.001725,
    "output": 0.0023
  },
  "gpt-4o": {
    "input": 0.00575,
    "output": 0.01725
  },
  "gpt-4o-mini": {
    "input": 0.000345,
    "output": 0.00138
  },
  "davinci-002": {
    "input": 0.0138,
    "output": 0.0138
  },
  "babbage-002": {
    "input": 0.00184,
    "output": 0.00184
  }
}
